"type","id","author","editor","advisor","note","title","pages","article_no","num_pages","keywords","doi","journal","issue_date","volume","issue_no","description","month","year","issn","booktitle","acronym","edition","isbn","conf_loc","publisher","publisher_loc"
"article","2608033","Chen  Li and Yanfeng  Zhang and Minghai  Jiao and Ge  Yu","","","","Mux-Kmeans: Multiplex Kmeans for Clustering Large-scale Data Set","25--32","","8","big data, clustering algorithm, kmeans, mapreduce","10.1145/2608029.2608033","","","","","","","2014","","Proceedings of the 5th ACM Workshop on Scientific Cloud Computing","ScienceCloud '14","","978-1-4503-2911-8","Vancouver, BC, Canada","ACM","New York, NY, USA"
"article","2351320","Junbo  Zhang and Tianrui  Li and Yi  Pan","","","","Parallel Rough Set Based Knowledge Acquisition Using MapReduce from Big Data","20--27","","8","MapReduce, big data, knowledge acquisition, rough sets","10.1145/2351316.2351320","","","","","","","2012","","Proceedings of the 1st International Workshop on Big Data, Streams and Heterogeneous Source Mining: Algorithms, Systems, Programming Models and Applications","BigMine '12","","978-1-4503-1547-0","Beijing, China","ACM","New York, NY, USA"
"article","3149870","Ramon  Amela and Cristian  Ramon-Cortes and Jorge  Ejarque and Javier  Conejero and Rosa M. Badia","","","","Enabling Python to Execute Efficiently in Heterogeneous Distributed Infrastructures with PyCOMPSs","1:1--1:10","1","10","Big Data, HPC, Heterogeneous infrastructures, Linear Algebra, Python","10.1145/3149869.3149870","","","","","","","2017","","Proceedings of the 7th Workshop on Python for High-Performance and Scientific Computing","PyHPC'17","","978-1-4503-5124-9","Denver, CO, USA","ACM","New York, NY, USA"
"article","2792775","Nicholas A. Nystrom and Michael J. Levine and Ralph Z. Roskies and J. Ray Scott","","","","Bridges: A Uniquely Flexible HPC Resource for New Communities and Data Analytics","30:1--30:8","30","8","GPU, HPC, Hadoop, applications, architecture, big data, data analytics, database, research, usability","10.1145/2792745.2792775","","","","","","","2015","","Proceedings of the 2015 XSEDE Conference: Scientific Advancements Enabled by Enhanced Cyberinfrastructure","XSEDE '15","","978-1-4503-3720-5","St. Louis, Missouri","ACM","New York, NY, USA"
"article","2688199","Rekha  Singhal and Dheeraj  Chahal","","","","PABS 2015: 1st Workshop on Performance Analysis of Big Data Systems","347--348","","2","analytics, architectures, big data, case study, performance, prediction","10.1145/2668930.2688199","","","","","","","2015","","Proceedings of the 6th ACM/SPEC International Conference on Performance Engineering","ICPE '15","","978-1-4503-3248-4","Austin, Texas, USA","ACM","New York, NY, USA"
"article","2676544","Guilherme C. Pena and Salles V. G. Magalh&#227;es and Marcus V. A. Andrade and W. Randolph Franklin and Chaulio R. Ferreira and Wenli  Li","","","","An Efficient GPU Multiple-observer Siting Method Based on Sparse-matrix Multiplication","54--63","","10","GPU parallel algorithm, siting, terrain visibility, viewshed","10.1145/2676536.2676544","","","","","","","2014","","Proceedings of the 3rd ACM SIGSPATIAL International Workshop on Analytics for Big Geospatial Data","BigSpatial '14","","978-1-4503-3132-6","Dallas, Texas","ACM","New York, NY, USA"
"article","2213940","Panayiotis  Neophytou and Roxana  Gheorghiu and Rebecca  Hachey and Timothy  Luciani and Di  Bao and Alexandros  Labrinidis and Elisabeta G. Marai and Panos K. Chrysanthis","","","","AstroShelf: Understanding the Universe Through Scalable Navigation of a Galaxy of Annotations","713--716","","4","annotations, astronomy, big data, continuous workflows, scientific databases, visualization","10.1145/2213836.2213940","","","","","","","2012","","Proceedings of the 2012 ACM SIGMOD International Conference on Management of Data","SIGMOD '12","","978-1-4503-1247-9","Scottsdale, Arizona, USA","ACM","New York, NY, USA"
"article","3156818","Rodrigo  Bruno and Paulo  Ferreira","","","","A Study on Garbage Collection Algorithms for Big Data Environments","20:1--20:35","20","35","Big Data, Big Data environment, Garbage collection, Java, memory managed runtime, processing platforms, scalability, storage platform","10.1145/3156818","ACM Comput. Surv.","January 2018","51","1","","January","2018","0360-0300","","","","","","ACM","New York, NY, USA"
"article","2501227","Chen  Jin and Qiang  Fu and Huahua  Wang and Ankit  Agrawal and William  Hendrix and Wei-keng  Liao and Md. Mostofa Ali Patwary and Arindam  Banerjee and Alok  Choudhary","","","","Solving Combinatorial Optimization Problems Using Relaxed Linear Programming: A High Performance Computing Perspective","39--46","","8","Markov random field, alternating direction method of multipliers, maximum a posteriori inference, message passing interface","10.1145/2501221.2501227","","","","","","","2013","","Proceedings of the 2Nd International Workshop on Big Data, Streams and Heterogeneous Source Mining: Algorithms, Systems, Programming Models and Applications","BigMine '13","","978-1-4503-2324-6","Chicago, Illinois","ACM","New York, NY, USA"
"article","2783323","Eric P. Xing and Qirong  Ho and Wei  Dai and Jin-Kyu  Kim and Jinliang  Wei and Seunghak  Lee and Xun  Zheng and Pengtao  Xie and Abhimanu  Kumar and Yaoliang  Yu","","","","Petuum: A New Platform for Distributed Machine Learning on Big Data","1335--1344","","10","big data, big model, data-parallelism, distributed systems, machine learning, model-parallelism, theory","10.1145/2783258.2783323","","","","","","","2015","","Proceedings of the 21th ACM SIGKDD International Conference on Knowledge Discovery and Data Mining","KDD '15","","978-1-4503-3664-2","Sydney, NSW, Australia","ACM","New York, NY, USA"
"article","2697027","Andrei  Broder and Lada  Adamic and Michael  Franklin and Maarten de Rijke and Eric  Xing and Kai  Yu","","","","Big Data: New Paradigm or Sound and Fury, Signifying Nothing?","5--6","","2","big data","10.1145/2684822.2697027","","","","","","","2015","","Proceedings of the Eighth ACM International Conference on Web Search and Data Mining","WSDM '15","","978-1-4503-3317-7","Shanghai, China","ACM","New York, NY, USA"
"article","2286998","Alex  Szalay","","","","Data-intensive Discoveries in Science: The Fourth Paradigm","1--2","","2","astronomy, big data, fourth paradigm, simulations","10.1145/2286996.2286998","","","","","","","2012","","Proceedings of the Fifth International Workshop on Data-Intensive Distributed Computing Date","DIDC '12","","978-1-4503-1341-4","Delft, The Netherlands","ACM","New York, NY, USA"
"article","2487769","Markus  Scheidgen","","","","Reference Representation Techniques for Large Models","5:1--5:9","5","9","EMF, big data, meta-modeling, mining software repositories, model persistence","10.1145/2487766.2487769","","","","","","","2013","","Proceedings of the Workshop on Scalability in Model Driven Engineering","BigMDE '13","","978-1-4503-2165-5","Budapest, Hungary","ACM","New York, NY, USA"
"article","2494633","Xin  Yang and Ze  Yu and Min  Li and Xiaolin  Li","","","","Mammoth: Autonomic Data Processing Framework for Scientific State-transition Applications","13:1--13:10","13","10","MapReduce systems, autonomic systems, computation skews, programming models, scientific applications","10.1145/2494621.2494633","","","","","","","2013","","Proceedings of the 2013 ACM Cloud and Autonomic Computing Conference","CAC '13","","978-1-4503-2172-3","Miami, Florida, USA","ACM","New York, NY, USA"
"article","2430501","Zhang  Guigang and Li  Chao and Xing  Chunxiao and Zhang  Yong","","","","SemanMR: Big Data Processing Framework Based on Semantics","26:1--26:8","26","8","MapReduce, SemanMR, big data, cloud data processing internetware, semantics","10.1145/2430475.2430501","","","","","","","2012","","Proceedings of the Fourth Asia-Pacific Symposium on Internetware","Internetware '12","","978-1-4503-1888-4","Qingdao, China","ACM","New York, NY, USA"
"article","2792761","Ritu  Arora and Jessica  Trelogan","","","","Connecting the Non-traditional User-community to the National CyberInfrastructure","16:1--16:5","16","5","big data, high performance computing, national cyberinfrastructure, parallel programming","10.1145/2792745.2792761","","","","","","","2015","","Proceedings of the 2015 XSEDE Conference: Scientific Advancements Enabled by Enhanced Cyberinfrastructure","XSEDE '15","","978-1-4503-3720-5","St. Louis, Missouri","ACM","New York, NY, USA"
"article","2791355","Daichi  Amagata and Takahiro  Hara and Shojiro  Nishio","","","","Distributed Top-k Query Processing on Multi-dimensional Data with Keywords","10:1--10:12","10","12","","10.1145/2791347.2791355","","","","","","","2015","","Proceedings of the 27th International Conference on Scientific and Statistical Database Management","SSDBM '15","","978-1-4503-3709-0","La Jolla, California","ACM","New York, NY, USA"
"article","2612731","Manish  Parashar","","","","Big Data Challenges in Simulation-based Science","1--2","","2","data staging, data-intensive computing, dataspaces, extreme-scale computing, in-situ data processing","10.1145/2608020.2612731","","","","","","","2014","","Proceedings of the Sixth International Workshop on Data Intensive Distributed Computing","DIDC '14","","978-1-4503-2913-2","Vancouver, BC, Canada","ACM","New York, NY, USA"
"article","2835863","Amrey  Krause and Rosa  Filgueira and Malcolm  Atkinson","","","","Dispel4Py: A Python Framework for Data-intensive eScience","6:1--6:10","6","10","","10.1145/2835857.2835863","","","","","","","2015","","Proceedings of the 5th Workshop on Python for High-Performance and Scientific Computing","PyHPC '15","","978-1-4503-4010-6","Austin, Texas","ACM","New York, NY, USA"
"article","2792750","Yu  Qian and Hyunsoo  Kim and Shweta  Purawat and Jianwu  Wang and Rick  Stanton and Alexandra  Lee and Weijia  Xu and Ilkay  Altintas and Robert  Sinkovits and Richard H. Scheuermann","","","","FlowGate: Towards Extensible and Scalable Web-based Flow Cytometry Data Analysis","5:1--5:8","5","8","cyberinfrastructure, flow cytometry, parallel computing, single cell data analysis, workflow engine","10.1145/2792745.2792750","","","","","","","2015","","Proceedings of the 2015 XSEDE Conference: Scientific Advancements Enabled by Enhanced Cyberinfrastructure","XSEDE '15","","978-1-4503-3720-5","St. Louis, Missouri","ACM","New York, NY, USA"
"article","2835862","Gregory  Zynda and Niall  Gaffney and Mehmet  Dalkilic and Matthew  Vaughn","","","","Feature Frequency Profiles for Automatic Sample Identification Using PySpark","5:1--5:5","5","5","feature frequency profile, hadoop distributed file system","10.1145/2835857.2835862","","","","","","","2015","","Proceedings of the 5th Workshop on Python for High-Performance and Scientific Computing","PyHPC '15","","978-1-4503-4010-6","Austin, Texas","ACM","New York, NY, USA"
"article","2817112","Chao  Wang and Xi  Li and Peng  Chen and Aili  Wang and Xuehai  Zhou and Hong  Yu","","","","Heterogeneous Cloud Framework for Big Data Genome Sequencing","166--178","","13","FPGA, genome sequencing, mapping, reconfigurable hardware, short reads","10.1109/TCBB.2014.2351800","IEEE/ACM Trans. Comput. Biol. Bioinformatics","January/February 2015","12","1","","January","2015","1545-5963","","","","","","IEEE Computer Society Press","Los Alamitos, CA, USA"
"proceeding","2694730","","","","Program Chair-Rekha  Singhal and Program Chair-Dheeraj  Chahal","","","","","","","","","","","","","2015","","Proceedings of the 1st Workshop on Performance Analysis of Big Data Systems","","","978-1-4503-3338-2","Austin, Texas, USA","ACM","New York, NY, USA"
"article","2479764","Teresa M. Harrison and Jana  Hrdinova","","","","The Complexities of Big Data: The Opportunities and Challenges for e-Government","263--264","","2","big data, data analytics, data integration, data stewardship, large-scale data systems, performance and benchmarking of big data systems, privacy, research data alliance, scientific data management, security, social media","10.1145/2479724.2479764","","","","","","","2013","","Proceedings of the 14th Annual International Conference on Digital Government Research","dg.o '13","","978-1-4503-2057-3","Quebec, Canada","ACM","New York, NY, USA"
"article","2742800","Mukund  Deshpande and Dhruva  Ray and Sameer  Dixit and Avadhoot  Agasti","","","","ShareInsights: An Unified Approach to Full-stack Data Processing","1925--1940","","16","big data, data analysis, data pipeline, data visualization","10.1145/2723372.2742800","","","","","","","2015","","Proceedings of the 2015 ACM SIGMOD International Conference on Management of Data","SIGMOD '15","","978-1-4503-2758-9","Melbourne, Victoria, Australia","ACM","New York, NY, USA"
"article","2785467","Hugh  Durrant-Whyte","","","","Data, Knowledge and Discovery: Machine Learning Meets Natural Science","7--7","","1","data science","10.1145/2783258.2785467","","","","","","","2015","","Proceedings of the 21th ACM SIGKDD International Conference on Knowledge Discovery and Data Mining","KDD '15","","978-1-4503-3664-2","Sydney, NSW, Australia","ACM","New York, NY, USA"
"article","3034968","Zhang  Shiheng and Huang  Tao and Song  Wei and Zhang  Guangde","","","","Discussion of the Green Technology Innovation in View of the Ecological Governance-The Case Study on the New Energy Vehicle Technology","183--187","","5","Big data, Ecological governance, Governmental regulations, Green technology innovation, New energy vehicle","10.1145/3034950.3034968","","","","","","","2017","","Proceedings of the 2017 International Conference on Management Engineering, Software Engineering and Service Sciences","ICMSS '17","","978-1-4503-4834-8","Wuhan, China","ACM","New York, NY, USA"
"article","2949585","Kwai  Wong and Gregory D. Peterson","","","","Challenges and Accomplishments of the Computational Science Undergraduate Research Experiences Program","53:1--53:5","53","5","Computational Science, Educational Outreach, Research Experiences for Undergraduates","10.1145/2949550.2949585","","","","","","","2016","","Proceedings of the XSEDE16 Conference on Diversity, Big Data, and Science at Scale","XSEDE16","","978-1-4503-4755-6","Miami, USA","ACM","New York, NY, USA"
"article","2424361","Ablimit  Aji and Fusheng  Wang and Joel H. Saltz","","","","Towards Building a High Performance Spatial Query System for Large Scale Medical Imaging Data","309--318","","10","MapReduce, data skew, pathology imaging, spatial query processing","10.1145/2424321.2424361","","","","","","","2012","","Proceedings of the 20th International Conference on Advances in Geographic Information Systems","SIGSPATIAL '12","","978-1-4503-1691-0","Redondo Beach, California","ACM","New York, NY, USA"
"article","2976847","Danillo R. Celino and Luana Vetter Reis and Beatriz Franco Martins and V&#237;tor E. Silva Souza","","","","A Framework-based Approach for the Integration of Web-based Information Systems on the Semantic Web","231--238","","8","frameworks, linked data, ontologies, semantic web, web engineering","10.1145/2976796.2976847","","","","","","","2016","","Proceedings of the 22Nd Brazilian Symposium on Multimedia and the Web","Webmedia '16","","978-1-4503-4512-5","Teresina, Piau&#237; State, Brazil","ACM","New York, NY, USA"
"article","2076468","Bryce  Allen and John  Bresnahan and Lisa  Childers and Ian  Foster and Gopi  Kandaswamy and Raj  Kettimuthu and Jack  Kordas and Mike  Link and Stuart  Martin and Karl  Pickett and Steven  Tuecke","","","","Software As a Service for Data Scientists","81--88","","8","","10.1145/2076450.2076468","Commun. ACM","February 2012","55","2","","February","2012","0001-0782","","","","","","ACM","New York, NY, USA"
"article","2516807","Dmitri  Mihhailov and Artjem  Rjabov and Valery  Sklyarov and Iouliia  Skliarova and Alexander  Sudnitson","","","","Optimization of Address-based Data Sorting Unit with External Memory Support","83--90","","8","address-based sorting, data processing, field programmable gate arrays","10.1145/2516775.2516807","","","","","","","2013","","Proceedings of the 14th International Conference on Computer Systems and Technologies","CompSysTech '13","","978-1-4503-2021-4","Ruse, Bulgaria","ACM","New York, NY, USA"
"article","2484767","Claudiu  Farcas and Natasha  Balac and Lucila  Ohno-Machado","","","","Biomedical CyberInfrastructure Challenges","6:1--6:4","6","4","biomedical, challenges, cyberinfrastructure","10.1145/2484762.2484767","","","","","","","2013","","Proceedings of the Conference on Extreme Science and Engineering Discovery Environment: Gateway to Discovery","XSEDE '13","","978-1-4503-2170-9","San Diego, California, USA","ACM","New York, NY, USA"
"article","2791369","Weijie  Zhao and Yu  Cheng and Florin  Rusu","","","","Vertical Partitioning for Query Processing over Raw Data","15:1--15:12","15","12","","10.1145/2791347.2791369","","","","","","","2015","","Proceedings of the 27th International Conference on Scientific and Statistical Database Management","SSDBM '15","","978-1-4503-3709-0","La Jolla, California","ACM","New York, NY, USA"
"article","3149877","S.  Sehrish and J.  Kowalkowski and M.  Paterno and C.  Green","","","","Python and HPC for High Energy Physics Data Analyses","8:1--8:8","8","8","HDF5, HEP analysis, HPC, MPI, Python, mpi4py, numpy, pandas","10.1145/3149869.3149877","","","","","","","2017","","Proceedings of the 7th Workshop on Python for High-Performance and Scientific Computing","PyHPC'17","","978-1-4503-5124-9","Denver, CO, USA","ACM","New York, NY, USA"
"proceeding","2949689","","Peter  Baumann and Ioana  Manolescu-Goujot and Luca  Trani and Yannis  Ioannidis and Gergely G&#225;bor Barnaf&#246;ldi and L&#225;szl&#243;  Dobos and Evelin  B&#225;nyai","","","","","","","","","","","","","","","2016","","Proceedings of the 28th International Conference on Scientific and Statistical Database Management","","","978-1-4503-4215-5","Budapest, Hungary","ACM","New York, NY, USA"
"article","2877204","Ce  Zhang and Arun  Kumar and Christopher  R&#233;","","","","Materialization Optimizations for Feature Selection Workloads","2:1--2:32","2","32","Feature selection, R, declarative language, machine learning, materialization, optimization, statistical analytics","10.1145/2877204","ACM Trans. Database Syst.","April 2016","41","1","","February","2016","0362-5915","","","","","","ACM","New York, NY, USA"
"article","2644166","Keh Kok Yong and Ettikan K. Karuppiah and Simon Chong-Wee See","","","","Galactica: A GPU Parallelized Database Accelerator","10:1--10:4","10","4","Accelerator, Big Data, CUDA, Database, GPU, KEPLER, NVIDIA, Parallel Processing, Query, String","10.1145/2640087.2644166","","","","","","","2014","","Proceedings of the 2014 International Conference on Big Data Science and Computing","BigDataScience '14","","978-1-4503-2891-3","Beijing, China","ACM","New York, NY, USA"
"article","2690858","Paul T. Bauman and Varun  Chandola and Abani  Patra and Matthew  Jones","","","","Development of a Computational and Data-enabled Science and Engineering Ph.D. Program","21--26","","6","","10.1109/EduHPC.2014.8","","","","","","","2014","","Proceedings of the Workshop on Education for High-Performance Computing","EduHPC '14","","978-1-4799-7021-6","New Orleans, Louisiana","IEEE Press","Piscataway, NJ, USA"
"article","3038915","Yu-Hang  Liu and Xian-He  Sun","","","","Evaluating the Combined Effect of Memory Capacity and Concurrency for Many-Core Chip Design","9:1--9:25","9","25","Memory wall, Sun-Ni&#8217;s law, chip design, concurrent average memory access time (C-AMAT), data access concurrency, data stall time, memory bound","10.1145/3038915","ACM Trans. Model. Perform. Eval. Comput. Syst.","May 2017","2","2","","March","2017","2376-3639","","","","","","ACM","New York, NY, USA"
"article","2949653","Christopher S. Thompson and Steven M. Clark and X. Carol Song","","","","The XSEDE BLAST Gateway: Leveraging Campus Development for the XSEDE Community","41:1--41:8","41","8","BLAST, BLASTer, DiaGrid, HTC job submission, HUBzero, XSEDE, XSEDE computing resources","10.1145/2949550.2949653","","","","","","","2016","","Proceedings of the XSEDE16 Conference on Diversity, Big Data, and Science at Scale","XSEDE16","","978-1-4503-4755-6","Miami, USA","ACM","New York, NY, USA"
"proceeding","2534645","","","","General Chair-Xian-He  Sun and Program Chair-Yong  Chen and Program Chair-Philip C. Roth","","","","","","","","","","","","","2013","","Proceedings of the 2013 International Workshop on Data-Intensive Scalable Computing Systems","","","978-1-4503-2506-6","Denver, Colorado","ACM","New York, NY, USA"
"article","2442995","Lars Ailo Bongo","","","","Bulk Synchronous Visualization","21--30","","10","Python visualizations, bulk synchronous parallelism, display walls, interactive performance, multi-core processors, window management","10.1145/2442992.2442995","","","","","","","2013","","Proceedings of the 2013 International Workshop on Programming Models and Applications for Multicores and Manycores","PMAM '13","","978-1-4503-1908-9","Shenzhen, Guangdong, China","ACM","New York, NY, USA"
"article","2983829","Aleksandr  Chuklin and Maarten  de Rijke","","","","Incorporating Clicks, Attention and Satisfaction into a Search Engine Result Page Evaluation Model","175--184","","10","click models, evaluation, good abandonment, mouse movement, user behavior","10.1145/2983323.2983829","","","","","","","2016","","Proceedings of the 25th ACM International on Conference on Information and Knowledge Management","CIKM '16","","978-1-4503-4073-1","Indianapolis, Indiana, USA","ACM","New York, NY, USA"
"article","2534374","Bernardo F. V. Pedras and Alberto  Raposo and Ismael H. F. Santos","","","","AppRC: A Framework for Integrating Mobile Communication to Virtual Reality Applications","305--308","","4","3D-interaction, collaboration, mobile-communication, mobile-integration","10.1145/2534329.2534374","","","","","","","2013","","Proceedings of the 12th ACM SIGGRAPH International Conference on Virtual-Reality Continuum and Its Applications in Industry","VRCAI '13","","978-1-4503-2590-5","Hong Kong, Hong Kong","ACM","New York, NY, USA"
"article","3005733","Kay  Hamacher","","","","Using Lisp Macro-Facilities for Transferable Statistical Tests","4:29--4:37","4","9","Domain Specific Language, Macros, Permutation Test, Statistical Modeling","","","","","","","","2016","","Proceedings of the 9th European Lisp Symposium on European Lisp Symposium","ELS2016","","978-2-9557474-0-7","Krak&#243;w, Poland","European Lisp Scientific Activities Association",""
"proceeding","2688220","","","","Conference Chair-Jiahao  Chen and Conference Chair-Alan  Edelman and Conference Chair-Wade  Shen and Conference Chair-Andy  Terrel","","","","","","","","","","","","","2014","","Proceedings of the 1st First Workshop for High Performance Technical Computing in Dynamic Languages","","","978-1-4799-7020-9","New Orleans, Louisiana","IEEE Press","Piscataway, NJ, USA"
"proceeding","2488222","","","","General Chair-Sharma  Chakravarthy and General Chair-Susan D. Urban and Program Chair-Peter  Pietzuch and Program Chair-Elke  Rundensteiner","","","","","","","","","","","","","2013","","Proceedings of the 7th ACM International Conference on Distributed Event-based Systems","","","978-1-4503-1758-0","Arlington, Texas, USA","ACM","New York, NY, USA"
"proceeding","2660517","","Harald  Sack and Agata  Filipowska and Jens  Lehmann and Sebastian  Hellmann","","","","","","","","","","","","","","","2014","","Proceedings of the 10th International Conference on Semantic Systems","","","978-1-4503-2927-9","Leipzig, Germany","ACM","New York, NY, USA"
